player_id,years_since_pro,turned_pro,height_cm,weight_kg,birth_year,age,handedness,backhand
g077,74,1946,188,82,1928,92,,
d133,60,1960,183,72,1936,84,,
g075,60,1960,185,89,1937,83,,
r071,56,1964,175,77,1946,74,R,One
g076,55,1965,188,82,1942,78,,
s129,54,1966,191,93,1938,82,,
n044,53,1967,183,82,1944,76,,
f024,52,1968,180,73,1946,74,,
m144,52,1968,175,71,1940,80,,
o032,52,1968,178,,1944,76,R,One
p072,52,1968,,,1944,76,,
r522,52,1968,,,,2020,,
s210,52,1968,185,77,1937,83,,
t376,52,1968,,,1930,90,,
w347,52,1968,,,,2020,,
a063,51,1969,185,73,1943,77,R,One
f074,51,1969,,,1947,73,R,One
n008,51,1969,183,75,1946,74,,
o200,51,1969,,,,2020,,
c044,48,1972,178,70,1952,68,L,Two
h543,48,1972,,,,2020,,
z131,48,1972,,,,2020,,
b058,47,1973,180,73,1956,64,R,Two
c695,47,1973,,,,2020,,
h019,47,1973,178,75,1953,67,,
k053,47,1973,175,77,1951,69,,
m146,47,1973,183,77,1950,70,,
t051,47,1973,191,82,1951,69,,
b836,46,1974,,,1949,71,,
c075,46,1974,183,75,1952,68,,
c936,46,1974,185,80,1954,66,,
e214,46,1974,,,,2020,,
a058,45,1975,173,73,1950,70,,
j282,45,1975,,,,2020,,
m138,45,1975,178,86,1956,64,,
h544,44,1976,,,,2020,,
r070,44,1976,185,81,1953,67,,
e032,43,1977,178,75,1954,66,,
h010,43,1977,193,91,1955,65,,
m014,43,1977,173,75,1956,64,,
t012,43,1977,178,68,1959,61,,
t037,43,1977,173,68,1956,64,,
b189,42,1978,175,75,1956,64,,
d102,42,1978,185,84,1956,64,,
k022,42,1978,175,76,1958,62,,
k024,42,1978,170,64,1961,59,,
l018,42,1978,188,79,1960,60,R,One
m047,42,1978,180,75,1959,61,,
w027,42,1978,185,75,1959,61,,
c057,41,1979,185,77,1958,62,,
g023,41,1979,193,84,1960,60,,
j016,41,1979,178,75,1960,60,,
m092,41,1979,180,79,1960,60,,
a031,40,1980,175,70,1964,56,,
a035,40,1980,180,73,1961,59,,
c002,40,1980,185,77,1958,62,,
d005,40,1980,183,82,1958,62,,
d045,40,1980,193,84,1958,62,,
f014,40,1980,,,1965,55,,
f028,40,1980,183,77,1960,60,,
j006,40,1980,180,70,1961,59,,
k017,40,1980,178,82,1959,61,,
l005,40,1980,188,86,1959,61,,
l014,40,1980,185,79,1963,57,,
m056,40,1980,193,82,1958,62,,
r017,40,1980,185,78,1958,62,,
v008,40,1980,193,82,1959,61,,
v034,40,1980,191,75,1961,59,,
b074,39,1981,180,68,1965,55,,
b077,39,1981,191,86,1958,62,,
c024,39,1981,185,77,1962,58,,
h029,39,1981,191,77,1963,57,,
p021,39,1981,178,75,1962,58,,
s045,39,1981,183,77,1959,61,,
w023,39,1981,183,77,1964,56,,
a034,38,1982,175,64,1964,56,,
b021,38,1982,180,73,1962,58,,
b023,38,1982,188,84,1959,61,,
c023,38,1982,183,84,1965,55,,
d028,38,1982,191,78,1959,61,,
d049,38,1982,183,76,1960,60,,
f035,38,1982,191,80,1965,55,,
g016,38,1982,185,79,1961,59,,
i003,38,1982,178,69,1962,58,,
k015,38,1982,183,77,1959,61,,
m030,38,1982,180,76,1963,57,,
p032,38,1982,196,82,1963,57,,
r006,38,1982,183,68,1965,55,,
r036,38,1982,191,82,1965,55,,
s021,38,1982,201,83,1959,61,,
v032,38,1982,180,79,1961,59,,
w007,38,1982,183,79,1962,58,,
y002,38,1982,185,77,1965,55,,
y003,38,1982,191,80,1964,56,,
a006,37,1983,180,82,1964,56,,
a018,37,1983,191,77,1967,53,,
b022,37,1983,183,75,1959,61,,
c011,37,1983,185,79,1965,55,,
c012,37,1983,180,68,1965,55,,
d004,37,1983,188,77,1962,58,,
e004,37,1983,188,77,1966,54,,
f012,37,1983,180,75,1964,56,,
f029,37,1983,185,75,1963,57,,
h025,37,1983,188,78,1964,56,,
j004,37,1983,178,70,1964,56,,
k023,37,1983,183,73,1967,53,,
l030,37,1983,170,73,1964,56,,
l044,37,1983,185,80,1965,55,,
m012,37,1983,175,73,1965,55,,
m063,37,1983,183,76,1965,55,,
m064,37,1983,175,73,1962,58,,
n013,37,1983,185,84,1961,59,,
o015,37,1983,180,73,1964,56,,
p012,37,1983,183,77,1962,58,,
v014,37,1983,185,73,1962,58,,
a025,36,1984,188,77,1963,57,,
a027,36,1984,185,79,1963,57,,
a040,36,1984,185,77,1966,54,,
b028,36,1984,191,85,1967,53,,
c018,36,1984,183,69,1966,54,,
c035,36,1984,173,70,1964,56,,
d008,36,1984,180,72,1966,54,,
k021,36,1984,178,73,1966,54,,
m031,36,1984,178,78,1964,56,,
m069,36,1984,185,75,1967,53,,
n018,36,1984,175,66,1964,56,,
n025,36,1984,191,82,1965,55,,
p045,36,1984,180,80,1965,55,,
p050,36,1984,180,75,1964,56,,
s014,36,1984,180,74,1965,55,,
w035,36,1984,188,88,1965,55,L,Two
a141,35,1985,191,81,1968,52,,
b040,35,1985,180,68,1967,53,,
c031,35,1985,188,76,1966,54,,
e025,35,1985,175,70,1961,59,,
f031,35,1985,185,79,1965,55,,
k030,35,1985,191,82,1966,54,,
l009,35,1985,188,79,1967,53,,
l046,35,1985,185,80,1962,58,,
m004,35,1985,175,64,1967,53,,
m035,35,1985,183,76,1963,57,,
m096,35,1985,191,82,1964,56,,
m099,35,1985,180,77,1967,53,L,One
p024,35,1985,173,68,1963,57,,
p037,35,1985,180,76,1967,53,,
p048,35,1985,183,77,1965,55,,
p052,35,1985,193,82,1964,56,,
r023,35,1985,185,80,1966,54,,
r029,35,1985,185,82,1963,57,,
s055,35,1985,175,73,1968,52,,
s101,35,1985,188,76,1966,54,,
w001,35,1985,193,84,1966,54,,
w021,35,1985,,,1964,56,,
w029,35,1985,183,79,1963,57,,
y017,35,1985,170,68,1967,53,,
a042,34,1986,180,82,1964,56,,
a092,34,1986,180,80,1970,50,R,Two
a149,34,1986,178,79,1967,53,,
b020,34,1986,175,64,1962,58,,
b051,34,1986,173,73,1967,53,,
b075,34,1986,191,87,1966,54,,
b281,34,1986,180,75,1966,54,,
b293,34,1986,188,75,1965,55,,
c046,34,1986,185,82,1965,55,,
d006,34,1986,173,64,1970,50,,
d015,34,1986,170,85,1967,53,R,One
d098,34,1986,185,75,1963,57,,
e061,34,1986,180,74,1967,53,,
f041,34,1986,185,77,1966,54,,
g039,34,1986,193,82,1964,56,,
g182,34,1986,185,78,1967,53,,
j018,34,1986,185,76,1964,56,,
k011,34,1986,173,66,1963,57,,
k133,34,1986,183,82,1966,54,,
l041,34,1986,180,70,1963,57,,
m028,34,1986,193,81,1966,54,,
m032,34,1986,188,77,1964,56,,
m105,34,1986,178,80,1966,54,,
m130,34,1986,180,73,1967,53,,
m338,34,1986,185,80,1967,53,,
p014,34,1986,175,70,1966,54,,
p190,34,1986,178,78,1969,51,,
r043,34,1986,185,75,1965,55,,
s015,34,1986,178,70,1968,52,,
s080,34,1986,180,75,1967,53,,
s288,34,1986,191,80,1968,52,,
w039,34,1986,185,73,1963,57,,
a066,33,1987,180,80,1965,55,,
b027,33,1987,185,84,1965,55,,
b053,33,1987,183,76,1969,51,,
b267,33,1987,188,80,1966,54,,
b298,33,1987,193,82,1967,53,,
b305,33,1987,180,73,1967,53,,
b322,33,1987,196,86,1968,52,,
c009,33,1987,188,78,1968,52,,
c113,33,1987,173,68,1967,53,,
c216,33,1987,178,72,1968,52,,
c250,33,1987,170,59,1968,52,,
d024,33,1987,180,77,1964,56,,
f165,33,1987,178,66,1967,53,,
j009,33,1987,191,86,1966,54,,
j036,33,1987,183,75,1961,59,,
k016,33,1987,185,79,1968,52,,
k148,33,1987,191,73,1968,52,,
l008,33,1987,191,78,1964,56,,
l013,33,1987,188,84,1964,56,,
m093,33,1987,188,78,1965,55,,
m372,33,1987,180,79,1969,51,,
n099,33,1987,185,77,1968,52,,
n109,33,1987,188,82,1970,50,,
p175,33,1987,188,79,1964,56,,
p218,33,1987,188,86,1970,50,,
r016,33,1987,180,77,1965,55,,
r177,33,1987,175,69,1968,52,,
s121,33,1987,175,70,1964,56,,
s315,33,1987,180,70,1969,51,,
s331,33,1987,185,80,1970,50,,
s340,33,1987,185,79,1964,56,,
s347,33,1987,193,86,1963,57,,
t129,33,1987,180,70,1965,55,,
w122,33,1987,188,79,1967,53,,
a028,32,1988,188,85,1966,54,,
a176,32,1988,183,73,1969,51,,
a181,32,1988,175,71,1971,49,,
b324,32,1988,188,86,1969,51,,
b350,32,1988,188,76,1971,49,,
b403,32,1988,180,77,1967,53,,
c179,32,1988,183,73,1968,52,,
c243,32,1988,185,83,1970,50,,
c252,32,1988,183,71,1968,52,,
c260,32,1988,180,75,1970,50,,
c274,32,1988,175,73,1972,48,R,Two
d051,32,1988,173,68,1963,57,,
d094,32,1988,188,82,1965,55,,
d170,32,1988,183,78,1969,51,,
d190,32,1988,193,87,1968,52,,
e106,32,1988,188,80,1970,50,,
f164,32,1988,196,88,1970,50,,
f184,32,1988,180,74,1967,53,,
f192,32,1988,175,70,1970,50,,
g108,32,1988,183,73,1968,52,,
g174,32,1988,185,76,1967,53,,
g196,32,1988,180,77,1969,51,,
h191,32,1988,183,77,1968,52,,
h234,32,1988,185,75,1967,53,,
h256,32,1988,170,61,1971,49,,
h251,32,1988,183,77,1973,47,,
i034,32,1988,193,82,1971,49,L,Two
j084,32,1988,188,70,1970,50,,
j085,32,1988,191,84,1970,50,,
k156,32,1988,196,98,1966,54,,
k172,32,1988,185,82,1967,53,,
k193,32,1988,188,86,1969,51,,
m048,32,1988,183,73,1966,54,,
m353,32,1988,188,77,1966,54,,
n100,32,1988,185,88,1970,50,,
n107,32,1988,191,85,1969,51,,
n110,32,1988,168,57,1968,52,,
o076,32,1988,196,82,1970,50,,
p222,32,1988,183,76,1970,50,,
r214,32,1988,201,88,1970,50,,
s102,32,1988,175,73,1967,53,,
s321,32,1988,185,77,1969,51,,
s328,32,1988,191,79,1967,53,,
s329,32,1988,180,80,1967,53,,
s351,32,1988,193,79,1968,52,R,One
s367,32,1988,180,72,1968,52,,
s402,32,1988,185,77,1971,49,R,One
t004,32,1988,183,79,1964,56,,
v037,32,1988,188,79,1967,53,,
v129,32,1988,188,79,1966,54,,
w011,32,1988,183,75,1966,54,,
w123,32,1988,193,84,1969,51,,
w133,32,1988,178,68,1969,51,,
w136,32,1988,178,75,1971,49,,
z039,32,1988,178,73,1970,50,,
a177,31,1989,188,79,1970,50,,
a190,31,1989,183,85,1972,48,,
b317,31,1989,185,81,1971,49,,
b337,31,1989,178,79,1968,52,,
c268,31,1989,180,73,1966,54,,
c270,31,1989,178,77,1970,50,,
d198,31,1989,183,79,1970,50,,
d206,31,1989,185,75,1971,49,,
f196,31,1989,185,85,1971,49,,
f200,31,1989,183,70,1970,50,,
g028,31,1989,185,80,1964,56,,
g211,31,1989,183,73,1967,53,,
g216,31,1989,185,73,1970,50,,
g231,31,1989,188,74,1971,49,,
g235,31,1989,191,85,1968,52,L,Two
h223,31,1989,188,80,1966,54,,
h228,31,1989,170,62,1971,49,,
j092,31,1989,178,70,1966,54,,
k181,31,1989,191,88,1971,49,,
k190,31,1989,185,73,1968,52,,
k202,31,1989,188,72,1971,49,,
k214,31,1989,196,89,1971,49,,
l206,31,1989,193,93,1970,50,,
m412,31,1989,180,76,1970,50,,
o009,31,1989,185,73,1966,54,,
o086,31,1989,183,75,1968,52,,
o098,31,1989,183,80,1972,48,R,Two
p198,31,1989,183,75,1968,52,,
p226,31,1989,188,79,1969,51,,
p235,31,1989,185,86,1971,49,,
r170,31,1989,183,91,1969,51,,
r186,31,1989,180,77,1970,50,,
r203,31,1989,178,68,1971,49,,
r216,31,1989,183,78,1971,49,,
r224,31,1989,178,69,1971,49,,
s381,31,1989,183,73,1970,50,,
s380,31,1989,185,80,1965,55,,
s387,31,1989,188,86,1967,53,,
s390,31,1989,196,91,1966,54,,
s404,31,1989,173,70,1969,51,,
s424,31,1989,178,74,1972,48,R,Two
t125,31,1989,188,79,1966,54,,
t135,31,1989,188,82,1971,49,,
t136,31,1989,180,73,1968,52,,
u020,31,1989,188,82,1969,51,,
w124,31,1989,180,79,1969,51,,
w150,31,1989,180,73,1970,50,,
w171,31,1989,188,76,1971,49,,
z037,31,1989,180,73,1970,50,,
z045,31,1989,196,86,1968,52,,
a199,30,1990,185,81,1971,49,,
a202,30,1990,191,80,1971,49,,
a203,30,1990,185,85,1973,47,,
b351,30,1990,185,83,1969,51,,
b401,30,1990,178,75,1970,50,,
c329,30,1990,180,77,1972,48,,
d166,30,1990,180,79,1966,54,,
d177,30,1990,185,82,1967,53,,
d207,30,1990,185,77,1972,48,,
d214,30,1990,188,88,1972,48,,
d226,30,1990,175,77,1972,48,,
d227,30,1990,180,75,1974,46,,
d228,30,1990,191,80,1972,48,,
e121,30,1990,193,86,1971,49,R,Two
f235,30,1990,,,1971,49,,
g200,30,1990,175,73,1968,52,,
g254,30,1990,183,84,1973,47,,
h284,30,1990,180,73,1971,49,,
k201,30,1990,193,88,1971,49,,
k205,30,1990,188,77,1971,49,,
l202,30,1990,193,80,1971,49,,
l231,30,1990,175,70,1970,50,,
m383,30,1990,183,79,1968,52,,
m399,30,1990,183,74,1969,51,,
m408,30,1990,185,80,1971,49,,
m411,30,1990,188,77,1972,48,,
m442,30,1990,198,91,1970,50,R,Two
m443,30,1990,180,64,1971,49,,
m445,30,1990,180,81,1972,48,,
n117,30,1990,191,80,1970,50,,
p173,30,1990,173,67,1970,50,,
r236,30,1990,183,75,1967,53,,
s406,30,1990,188,79,1971,49,,
s427,30,1990,188,79,1971,49,,
s465,30,1990,180,81,1972,48,,
u024,30,1990,178,77,1972,48,,
v141,30,1990,191,81,1971,49,,
v151,30,1990,188,78,1972,48,,
a183,29,1991,193,81,1969,51,,
b308,29,1991,175,70,1969,51,,
b397,29,1991,175,70,1969,51,,
b407,29,1991,178,70,1971,49,,
b428,29,1991,173,66,1973,47,R,One
b429,29,1991,188,85,1972,48,,
b446,29,1991,183,83,1972,48,R,Two
b455,29,1991,185,83,1973,47,,
c344,29,1991,180,73,1974,46,R,One
c387,29,1991,188,78,1974,46,,
d249,29,1991,188,82,1975,45,,
e113,29,1991,191,88,1974,46,R,Two
f204,29,1991,175,66,1972,48,,
g250,29,1991,191,75,1969,51,,
g247,29,1991,188,91,1972,48,,
g239,29,1991,185,75,1972,48,,
g252,29,1991,196,81,1970,50,,
g292,29,1991,175,73,1969,51,,
j082,29,1991,193,82,1968,52,,
j100,29,1991,180,75,1973,47,,
k178,29,1991,193,102,1968,52,,
l226,29,1991,183,79,1973,47,,
m406,29,1991,178,77,1971,49,,
m468,29,1991,170,67,1973,47,,
m475,29,1991,193,91,1974,46,,
m506,29,1991,178,68,1973,47,,
m507,29,1991,178,72,1971,49,,
m515,29,1991,183,75,1970,50,,
n210,29,1991,191,86,1972,48,L,Two
n233,29,1991,203,95,1971,49,,
o102,29,1991,183,73,1973,47,,
p233,29,1991,191,84,1971,49,,
p269,29,1991,178,78,1973,47,R,One
p273,29,1991,185,82,1973,47,,
r219,29,1991,188,75,1972,48,,
r237,29,1991,193,91,1973,47,,
r251,29,1991,178,75,1969,51,,
r255,29,1991,185,86,1972,48,R,One
r280,29,1991,185,79,1973,47,,
r273,29,1991,196,82,1972,48,,
s352,29,1991,191,90,1969,51,L,One
s403,29,1991,188,84,1971,49,,
s413,29,1991,183,76,1971,49,,
s443,29,1991,193,79,1970,50,,
s454,29,1991,193,84,1967,53,,
s507,29,1991,168,60,1970,50,,
t166,29,1991,185,73,1972,48,,
v139,29,1991,185,79,1968,52,,
v154,29,1991,185,82,1972,48,,
w177,29,1991,191,86,1973,47,,
b438,28,1992,183,80,1969,51,,
c308,28,1992,183,79,1971,49,,
c328,28,1992,191,88,1973,47,,
c366,28,1992,180,70,1974,46,,
c372,28,1992,183,79,1974,46,,
c375,28,1992,180,75,1973,47,,
d211,28,1992,193,82,1973,47,,
d265,28,1992,201,91,1974,46,,
d272,28,1992,185,87,1973,47,,
f185,28,1992,188,86,1970,50,,
g301,28,1992,191,78,1967,53,,
g304,28,1992,198,94,1974,46,,
h253,28,1992,,,1969,51,,
j098,28,1992,191,84,1968,52,,
k171,28,1992,191,88,1971,49,,
k219,28,1992,173,70,1971,49,,
k237,28,1992,188,77,1974,46,R,Two
k245,28,1992,191,88,1971,49,,
k263,28,1992,188,75,1974,46,,
k260,28,1992,191,82,1975,45,,
k267,28,1992,191,84,1974,46,R,Two
m435,28,1992,191,78,1970,50,,
m510,28,1992,183,71,1972,48,,
m513,28,1992,185,80,1974,46,,
m531,28,1992,173,64,1973,47,,
m551,28,1992,191,82,1974,46,,
n101,28,1992,183,76,1970,50,,
n219,28,1992,178,76,1971,49,,
n238,28,1992,173,71,1972,48,,
n243,28,1992,185,77,1969,51,,
o099,28,1992,185,88,1970,50,,
p208,28,1992,185,77,1967,53,,
r243,28,1992,183,70,1972,48,,
r254,28,1992,193,82,1971,49,,
r266,28,1992,201,95,1974,46,,
r284,28,1992,185,78,1974,46,,
s466,28,1992,193,88,1969,51,,
t156,28,1992,185,88,1970,50,,
v161,28,1992,185,79,1973,47,,
v170,28,1992,185,84,1974,46,,
a226,27,1993,175,65,1973,47,,
b435,27,1993,188,82,1970,50,,
b484,27,1993,183,73,1975,45,R,Two
c043,27,1993,180,75,1963,57,,
c314,27,1993,191,93,1969,51,,
c355,27,1993,183,79,1970,50,,
c361,27,1993,191,82,1973,47,R,One
c378,27,1993,180,78,1975,45,R,One
c383,27,1993,178,91,1975,45,,
c400,27,1993,191,78,1975,45,R,One
d270,27,1993,178,77,1974,46,L,One
e138,27,1993,185,76,1974,46,,
e146,27,1993,188,80,1972,48,R,One
g285,27,1993,180,68,1974,46,,
g297,27,1993,185,77,1973,47,,
g319,27,1993,188,77,1973,47,,
g317,27,1993,188,76,1975,45,,
h322,27,1993,178,70,1973,47,,
h336,27,1993,185,77,1974,46,R,One
h340,27,1993,178,71,1971,49,,
k243,27,1993,,,1972,48,,
k296,27,1993,188,77,1974,46,,
l249,27,1993,180,75,1974,46,,
l257,27,1993,178,70,1974,46,,
l353,27,1993,191,85,1972,48,,
m448,27,1993,180,82,1972,48,,
m480,27,1993,180,79,1974,46,,
m535,27,1993,180,78,1974,46,R,One
m555,27,1993,183,77,1975,45,,
m564,27,1993,188,77,1969,51,,
m576,27,1993,185,79,1972,48,,
n230,27,1993,180,81,1974,46,,
n241,27,1993,178,70,1969,51,,
n254,27,1993,191,86,1975,45,R,Two
p327,27,1993,193,76,1975,45,,
r285,27,1993,196,88,1975,45,,
s480,27,1993,188,79,1972,48,R,Two
s519,27,1993,185,82,1971,49,,
s523,27,1993,185,75,1968,52,,
s535,27,1993,185,76,1977,43,,
s544,27,1993,183,77,1974,46,R,Two
s548,27,1993,178,73,1974,46,,
s559,27,1993,185,80,1975,45,,
s579,27,1993,178,77,1975,45,,
t168,27,1993,180,75,1972,48,,
t195,27,1993,191,82,1970,50,,
t206,27,1993,170,64,1973,47,,
u030,27,1993,191,78,1974,46,,
u032,27,1993,188,81,1975,45,,
v167,27,1993,185,76,1974,46,,
v166,27,1993,185,73,1974,46,R,One
v175,27,1993,183,75,1975,45,,
w195,27,1993,185,79,1969,51,,
w212,27,1993,188,82,1973,47,,
z059,27,1993,183,76,1974,46,,
a228,26,1994,180,76,1974,46,,
b440,26,1994,188,82,1975,45,,
b499,26,1994,170,70,1973,47,,
b545,26,1994,193,89,1974,46,,
b516,26,1994,180,82,1976,44,,
b517,26,1994,170,66,1975,45,R,Two
c369,26,1994,175,70,1975,45,,
c397,26,1994,180,81,1973,47,,
c408,26,1994,183,79,1972,48,,
c457,26,1994,191,83,1972,48,,
d279,26,1994,183,77,1975,45,,
e143,26,1994,178,76,1976,44,,
g288,26,1994,173,73,1975,45,,
g300,26,1994,183,77,1970,50,,
h335,26,1994,185,70,1974,46,,
i052,26,1994,180,78,1976,44,,
j129,26,1994,180,80,1975,45,R,Two
k297,26,1994,185,77,1975,45,,
k308,26,1994,180,76,1977,43,,
k310,26,1994,175,68,1977,43,,
m471,26,1994,188,82,1972,48,,
m478,26,1994,178,73,1975,45,,
m511,26,1994,173,68,1973,47,,
m601,26,1994,180,68,1975,45,,
n228,26,1994,191,83,1975,45,,
p305,26,1994,188,78,1973,47,R,Two
p338,26,1994,196,103,1976,44,R,One
p357,26,1994,188,80,1975,45,,
r286,26,1994,175,73,1975,45,L,Two
s552,26,1994,183,70,1976,44,,
s572,26,1994,193,82,1976,44,R,One
s568,26,1994,183,80,1975,45,L,One
s585,26,1994,175,77,1975,45,,
s600,26,1994,180,66,1974,46,,
s649,26,1994,178,73,1976,44,,
s648,26,1994,180,76,1975,45,,
t199,26,1994,193,89,1975,45,,
t207,26,1994,180,70,1975,45,,
v201,26,1994,185,72,1976,44,,
w217,26,1994,188,79,1976,44,,
w224,26,1994,191,94,1976,44,R,Two
b471,25,1995,185,88,1974,46,,
b510,25,1995,175,67,1976,44,,
b570,25,1995,180,78,1978,42,R,One
b518,25,1995,175,70,1976,44,,
c433,25,1995,185,86,1977,43,R,Two
c439,25,1995,180,76,1974,46,,
c447,25,1995,175,73,1977,43,,
c478,25,1995,183,86,1976,44,R,One
d291,25,1995,173,73,1976,44,,
d316,25,1995,185,79,1976,44,R,Two
d289,25,1995,178,70,1977,43,,
e135,25,1995,183,72,1977,43,,
e140,25,1995,185,70,1976,44,,
f278,25,1995,185,76,1973,47,,
f292,25,1995,191,78,1977,43,,
g334,25,1995,180,79,1976,44,,
h242,25,1995,175,78,1975,45,,
h320,25,1995,183,77,1972,48,,
h344,25,1995,185,82,1976,44,,
h346,25,1995,180,79,1977,43,,
h351,25,1995,180,73,1976,44,,
h364,25,1995,178,74,1978,42,,
h380,25,1995,188,77,1976,44,R,Two
i047,25,1995,178,70,1974,46,,
k257,25,1995,188,84,1974,46,,
k293,25,1995,191,83,1976,44,R,One
k316,25,1995,183,80,1977,43,R,Two
k317,25,1995,188,73,1976,44,,
l290,25,1995,188,86,1976,44,R,Two
l292,25,1995,173,71,1974,46,,
l311,25,1995,180,82,1976,44,R,One
l327,25,1995,180,70,1975,45,,
l336,25,1995,185,82,1978,42,,
m370,25,1995,180,76,1970,50,,
m548,25,1995,175,75,1975,45,,
m588,25,1995,180,79,1976,44,,
m590,25,1995,175,73,1978,42,R,One
m607,25,1995,180,75,1976,44,,
m605,25,1995,191,86,1976,44,R,Two
n250,25,1995,188,89,1976,44,R,Two
n259,25,1995,180,73,1977,43,,
o127,25,1995,193,87,1972,48,,
p104,25,1995,175,70,1976,44,,
p272,25,1995,173,70,1972,48,,
p280,25,1995,183,90,1974,46,,
r350,25,1995,,80,1975,45,,
s545,25,1995,180,75,1973,47,,
s550,25,1995,175,73,1976,44,,
s601,25,1995,180,77,1972,48,,
s608,25,1995,183,78,1976,44,,
s614,25,1995,175,70,1975,45,,
s626,25,1995,180,73,1976,44,,
s636,25,1995,180,75,1976,44,R,Two
s688,25,1995,178,72,1977,43,,
t240,25,1995,188,90,1978,42,,
v137,25,1995,183,86,1970,50,,
v205,25,1995,188,91,1976,44,R,Two
v207,25,1995,185,86,1978,42,R,Two
v211,25,1995,180,76,1978,42,,
w200,25,1995,185,79,1975,45,,
w214,25,1995,180,70,1974,46,,
z072,25,1995,191,93,1976,44,R,One
z074,25,1995,178,76,1976,44,R,Two
a270,24,1996,183,83,1973,47,,
a272,24,1996,185,82,1977,43,,
b487,24,1996,191,93,1975,45,,
b479,24,1996,193,86,1975,45,,
b562,24,1996,183,80,1977,43,R,One
b599,24,1996,191,86,1974,46,,
c407,24,1996,180,77,1974,46,R,Two
c476,24,1996,185,79,1977,43,,
c487,24,1996,173,74,1977,43,R,Two
c493,24,1996,173,70,1977,43,,
e152,24,1996,178,78,1977,43,,
f312,24,1996,185,82,1979,41,,
g353,24,1996,191,75,1977,43,,
g352,24,1996,191,88,1977,43,,
g354,24,1996,196,88,1977,43,R,One
g374,24,1996,175,70,1978,42,R,One
g379,24,1996,175,73,1978,42,R,Two
h355,24,1996,188,84,1978,42,R,One
h366,24,1996,188,85,1977,43,,
h377,24,1996,183,79,1978,42,R,Two
i063,24,1996,168,,1978,42,,
i090,24,1996,193,84,1983,37,,
j148,24,1996,193,82,1977,43,,
l333,24,1996,180,75,1978,42,,
m543,24,1996,180,79,1971,49,,
m578,24,1996,175,73,1975,45,R,Two
m600,24,1996,188,88,1978,42,R,One
m595,24,1996,196,93,1977,43,R,One
m614,24,1996,173,70,1976,44,,
m640,24,1996,175,72,1978,42,R,Two
o133,24,1996,185,85,1978,42,,
p319,24,1996,185,75,1974,46,,
p324,24,1996,180,75,1975,45,,
p353,24,1996,185,79,1976,44,,
p389,24,1996,191,81,1977,43,,
r336,24,1996,170,68,1978,42,R,One
r388,24,1996,185,79,1979,41,,
s564,24,1996,185,79,1973,47,,
s604,24,1996,185,79,1977,43,R,Two
s673,24,1996,178,76,1975,45,,
s676,24,1996,173,78,1978,42,R,One
s681,24,1996,191,84,1975,45,,
s693,24,1996,185,80,1978,42,R,Two
s694,24,1996,185,76,1978,42,R,Two
t200,24,1996,183,78,1977,43,,
t213,24,1996,193,91,1974,46,,
t228,24,1996,183,79,1972,48,,
t261,24,1996,185,75,1976,44,,
v195,24,1996,180,76,1977,43,R,One
v232,24,1996,196,90,1978,42,,
v239,24,1996,193,83,1979,41,,
w247,24,1996,180,78,1977,43,,
w254,24,1996,196,85,1978,42,R,One
y033,24,1996,175,64,1973,47,,
z073,24,1996,183,77,1978,42,R,One
a276,23,1997,191,85,1972,48,L,Two
a293,23,1997,183,82,1978,42,,
a303,23,1997,188,75,1978,42,,
a311,23,1997,183,82,1978,42,R,One
c463,23,1997,183,76,1978,42,,
d339,23,1997,180,79,1978,42,R,One
d347,23,1997,183,85,1977,43,,
e155,23,1997,183,80,1979,41,,
f299,23,1997,183,80,1977,43,,
g375,23,1997,180,76,1977,43,,
g386,23,1997,183,83,1978,42,,
h349,23,1997,188,86,1974,46,,
h421,23,1997,183,76,1977,43,,
k313,23,1997,178,78,1979,41,,
k319,23,1997,185,77,1979,41,,
k349,23,1997,188,75,1979,41,,
k358,23,1997,180,75,1978,42,R,One
l386,23,1997,173,68,1979,41,R,One
l397,23,1997,185,73,1981,39,L,One
l408,23,1997,183,82,1974,46,,
m538,23,1997,180,90,1975,45,R,One
m611,23,1997,185,77,1977,43,,
m655,23,1997,183,80,1979,41,R,Two
m820,23,1997,183,79,1981,39,,
n267,23,1997,185,85,1977,43,,
o150,23,1997,180,77,1975,45,,
p395,23,1997,201,85,1976,44,,
p398,23,1997,193,78,1978,42,,
r364,23,1997,175,69,1978,42,,
s675,23,1997,185,82,1979,41,R,One
s677,23,1997,183,76,1978,42,,
s709,23,1997,185,77,1978,42,,
s721,23,1997,188,78,1979,41,,
s741,23,1997,193,88,1980,40,R,Two
s751,23,1997,183,73,1978,42,,
s772,23,1997,188,80,1978,42,,
s765,23,1997,188,84,1976,44,,
s799,23,1997,191,82,1980,40,,
t209,23,1997,175,75,1975,45,,
t231,23,1997,185,83,1978,42,,
t243,23,1997,175,73,1979,41,R,Two
t264,23,1997,178,78,1977,43,,
u043,23,1997,173,64,1981,39,,
v206,23,1997,180,78,1977,43,,
v254,23,1997,183,73,1981,39,R,One
a316,22,1998,175,77,1979,41,,
a324,22,1998,185,79,1974,46,,
b503,22,1998,183,85,1975,45,,
b588,22,1998,193,88,1978,42,L,One
b589,22,1998,188,82,1978,42,R,One
c445,22,1998,193,80,1976,44,,
c514,22,1998,191,75,1979,41,R,Two
d330,22,1998,185,71,1977,43,,
d351,22,1998,183,74,1977,43,,
d357,22,1998,185,80,1979,41,R,One
d362,22,1998,188,88,1981,39,R,One
e141,22,1998,188,76,1974,46,R,Two
e160,22,1998,188,80,1977,43,,
e169,22,1998,188,77,1978,42,,
e180,22,1998,183,78,1981,39,,
f303,22,1998,191,82,1977,43,,
f304,22,1998,183,78,1975,45,,
f316,22,1998,183,73,1980,40,R,Two
f324,22,1998,185,85,1981,39,R,One
f329,22,1998,,,1974,46,,
g333,22,1998,178,72,1976,44,,
g404,22,1998,188,76,1976,44,,
g414,22,1998,175,69,1978,42,,
g435,22,1998,185,75,1980,40,,
g446,22,1998,188,80,1979,41,,
h390,22,1998,180,82,1980,40,R,One
h431,22,1998,180,82,1980,40,,
h432,22,1998,178,77,1981,39,R,Two
h435,22,1998,185,78,1980,40,,
h442,22,1998,188,83,1979,41,R,Two
h472,22,1998,180,70,1978,42,R,One
i069,22,1998,,,1981,39,,
k364,22,1998,180,80,1979,41,,
k407,22,1998,193,90,1980,40,,
l334,22,1998,191,86,1978,42,,
l335,22,1998,193,88,1977,43,R,Two
l360,22,1998,193,92,1979,41,R,One
l439,22,1998,188,85,1981,39,L,Two
m680,22,1998,185,83,1980,40,R,Two
m711,22,1998,175,69,1977,43,,
m714,22,1998,180,85,1981,39,,
m760,22,1998,185,78,1980,40,R,One
m919,22,1998,203,87,1983,37,R,Two
n277,22,1998,183,76,1979,41,,
n291,22,1998,191,82,1976,44,,
p372,22,1998,180,78,1978,42,L,One
p467,22,1998,183,76,1980,40,R,One
p485,22,1998,175,72,1976,44,,
p488,22,1998,180,75,1980,40,,
q019,22,1998,183,78,1980,40,R,One
r368,22,1998,173,70,1978,42,R,Two
r383,22,1998,183,74,1978,42,R,Two
r399,22,1998,180,83,1980,40,,
r419,22,1998,180,75,1982,38,R,One
s699,22,1998,,,1977,43,,
s813,22,1998,188,82,1978,42,,
s842,22,1998,191,79,1980,40,,
s876,22,1998,183,70,1980,40,,
t269,22,1998,183,81,1979,41,,
t277,22,1998,,,1979,41,,
v247,22,1998,183,76,1980,40,,
v250,22,1998,180,73,1981,39,,
v256,22,1998,188,83,1981,39,,
w272,22,1998,191,91,1979,41,,
a310,21,1999,0,77,1979,41,,
a340,21,1999,175,75,1981,39,,
a373,21,1999,0,79,1980,40,,
a389,21,1999,191,86,1982,38,R,One
b619,21,1999,,88,1976,44,R,One
b676,21,1999,185,83,1979,41,R,One
b678,21,1999,193,100,1980,40,L,One
b681,21,1999,183,85,1979,41,,
d353,21,1999,,78,1981,39,,
d361,21,1999,193,86,1979,41,,
d424,21,1999,180,68,1980,40,R,Two
d402,21,1999,178,70,1981,39,R,Two
d437,21,1999,191,85,1980,40,,
g372,21,1999,178,73,1977,43,,
g400,21,1999,178,73,1978,42,,
g415,21,1999,183,82,1980,40,R,One
g426,21,1999,183,75,1979,41,,
g483,21,1999,178,77,1981,39,,
g436,21,1999,188,75,1977,43,,
h210,21,1999,183,78,1981,39,,
h365,21,1999,183,82,1976,44,,
j164,21,1999,188,77,1980,40,,
k403,21,1999,180,75,1981,39,,
k512,21,1999,183,79,1980,40,,
k676,21,1999,183,81,1983,37,,
l395,21,1999,188,80,1980,40,,
l391,21,1999,196,85,1981,39,,
l428,21,1999,191,80,1980,40,L,One
l480,21,1999,175,72,1982,38,R,Two
m708,21,1999,175,73,1980,40,L,Two
m762,21,1999,183,81,1981,39,L,Two
m776,21,1999,185,92,1979,41,R,Two
m783,21,1999,175,70,1980,40,,
m824,21,1999,175,70,1980,40,R,One
m854,21,1999,178,72,1980,40,,
m850,21,1999,185,74,1982,38,R,Two
m915,21,1999,178,75,1982,38,L,Two
o174,21,1999,,,1977,43,,
p436,21,1999,175,70,1979,41,R,One
p491,21,1999,188,84,1981,39,,
r397,21,1999,168,65,1981,39,R,One
s809,21,1999,185,88,1979,41,,
s877,21,1999,173,69,1979,41,,
u057,21,1999,193,86,1982,38,,
v220,21,1999,198,92,1976,44,,
v258,21,1999,183,80,1980,40,R,One
v339,21,1999,173,60,1983,37,,
y061,21,1999,183,73,1982,38,R,One
z104,21,1999,191,80,1981,39,,
a356,20,2000,188,89,1981,39,R,One
a410,20,2000,178,75,1982,38,R,Two
b660,20,2000,188,82,1976,44,,
b741,20,2000,188,88,1981,39,,
b747,20,2000,185,79,1981,39,R,Two
b841,20,2000,,73,1976,44,,
b881,20,2000,,,1981,39,,
c524,20,2000,175,69,1982,38,R,Two
c582,20,2000,185,85,1981,39,R,Two
c585,20,2000,178,75,1981,39,,
c706,20,2000,201,94,1983,37,L,Two
d469,20,2000,173,65,1980,40,L,Two
d479,20,2000,180,80,1981,39,L,One
e212,20,2000,183,84,1983,37,R,One
f337,20,2000,188,84,1980,40,,
f339,20,2000,188,82,1981,39,R,Two
f344,20,2000,175,69,1981,39,,
f401,20,2000,175,73,1982,38,R,Two
f444,20,2000,185,77,1983,37,L,Two
g511,20,2000,185,80,1981,39,,
g512,20,2000,183,73,1981,39,L,Two
h448,20,2000,170,80,1981,39,,
h523,20,2000,180,74,1975,45,,
h528,20,2000,198,88,1981,39,R,One
h571,20,2000,180,80,1983,37,R,Two
j194,20,2000,198,90,1982,38,R,One
j233,20,2000,180,69,1980,40,R,Two
k336,20,2000,211,104,1979,41,R,One
k371,20,2000,183,75,1982,38,R,Two
k379,20,2000,175,73,1978,42,,
k448,20,2000,191,86,1979,41,R,Two
l513,20,2000,188,84,1982,38,,
l515,20,2000,183,77,1979,41,R,Two
l546,20,2000,175,73,1979,41,,
m759,20,2000,196,91,1979,41,R,One
m805,20,2000,185,73,1979,41,,
m873,20,2000,191,80,1982,38,R,One
m983,20,2000,183,76,1981,39,R,One
n289,20,2000,185,78,1981,39,L,Two
n301,20,2000,180,79,1982,38,R,Two
n313,20,2000,185,76,1981,39,,
n334,20,2000,,85,1982,38,,
p487,20,2000,180,76,1981,39,R,One
p518,20,2000,175,72,1981,39,,
r421,20,2000,188,72,1982,38,,
r485,20,2000,188,88,1982,38,R,Two
s963,20,2000,180,78,1981,39,R,Two
sa81,20,2000,183,79,1983,37,,
t315,20,2000,185,82,1982,38,R,Two
t332,20,2000,178,70,1980,40,,
w300,20,2000,188,84,1975,45,R,One
a385,19,2001,196,82,1984,36,R,Two
b764,19,2001,178,72,1982,38,,
b804,19,2001,180,74,1982,38,R,Two
b884,19,2001,183,81,1983,37,R,One
c660,19,2001,178,72,1984,36,,
c759,19,2001,191,86,1982,38,,
d487,19,2001,185,88,1983,37,,
d556,19,2001,170,70,1984,36,,
e223,19,2001,183,81,1984,36,L,Two
f364,19,2001,191,80,1980,40,,
f432,19,2001,191,80,1983,37,,
g478,19,2001,178,73,1982,38,,
g551,19,2001,191,91,1983,37,R,Two
g569,19,2001,183,79,1982,38,R,Two
g681,19,2001,188,83,1985,35,R,Two
g695,19,2001,180,,1983,37,R,Two
i145,19,2001,185,75,1981,39,,
j214,19,2001,178,72,1980,40,,
k406,19,2001,188,85,1980,40,,
k436,19,2001,183,71,1982,38,,
k435,19,2001,178,70,1983,37,R,One
l575,19,2001,180,74,1983,37,R,Two
m747,19,2001,196,92,1976,44,,
m794,19,2001,185,77,1978,42,,
m815,19,2001,180,77,1978,42,,
m984,19,2001,183,85,1980,40,R,One
ma30,19,2001,193,89,1983,37,L,Two
ma36,19,2001,180,72,1982,38,,
mb02,19,2001,191,82,1983,37,R,Two
n309,19,2001,183,86,1981,39,R,One
n409,19,2001,185,85,1986,34,L,Two
n390,19,2001,188,86,1983,37,R,Two
n415,19,2001,183,70,1982,38,,
p452,19,2001,185,77,1977,43,,
p624,19,2001,185,77,1984,36,R,One
p642,19,2001,180,74,1982,38,,
p701,19,2001,185,84,1984,36,,
r612,19,2001,185,77,1980,40,R,Two
s843,19,2001,188,84,1981,39,R,Two
s938,19,2001,180,72,1982,38,R,Two
sa49,19,2001,193,87,1984,36,R,Two
sb28,19,2001,196,83,1983,37,L,Two
sd23,19,2001,185,83,1986,34,R,Two
v251,19,2001,183,78,1980,40,R,Two
v298,19,2001,180,73,1982,38,,
v306,19,2001,185,87,1983,37,L,Two
v303,19,2001,183,82,1979,41,,
v309,19,2001,193,75,1982,38,R,Two
w373,19,2001,180,73,1985,35,R,Two
a438,18,2002,193,79,1983,37,,
a511,18,2002,185,80,1983,37,R,Two
b752,18,2002,185,82,1983,37,,
b842,18,2002,178,75,1983,37,R,Two
b929,18,2002,183,74,1984,36,L,One
b977,18,2002,185,75,1983,37,,
ba47,18,2002,196,91,1985,35,R,Two
ba57,18,2002,193,86,1985,35,,
ba65,18,2002,196,78,1984,36,R,Two
c634,18,2002,191,78,1983,37,R,Two
c813,18,2002,178,73,1983,37,,
e224,18,2002,170,77,1980,40,R,One
f433,18,2002,188,82,1984,36,,
g476,18,2002,185,80,1983,37,R,One
g585,18,2002,175,75,1983,37,R,Two
g628,18,2002,185,75,1986,34,R,One
h469,18,2002,191,88,1980,40,,
h596,18,2002,183,76,1984,36,,
h635,18,2002,191,85,1985,35,,
k551,18,2002,180,80,1983,37,,
k609,18,2002,,71,1982,38,R,Two
k540,18,2002,191,86,1982,38,R,Two
l430,18,2002,193,91,1983,37,R,Two
m699,18,2002,173,70,1979,41,,
m997,18,2002,180,73,1982,38,,
ma21,18,2002,185,81,1984,36,R,Two
ma41,18,2002,183,85,1984,36,,
ma38,18,2002,191,84,1982,38,R,Two
ma49,18,2002,178,70,1984,36,R,Two
mb84,18,2002,183,75,1985,35,R,Two
mb88,18,2002,191,85,1983,37,R,Two
o207,18,2002,185,83,1984,36,,
p567,18,2002,173,74,1982,38,R,Two
r583,18,2002,180,70,1984,36,,
r613,18,2002,188,75,1983,37,R,Two
r616,18,2002,188,84,1983,37,,
r632,18,2002,188,78,1984,36,,
s670,18,2002,175,76,1974,46,,
s944,18,2002,183,75,1983,37,,
s949,18,2002,191,,1977,43,,
s990,18,2002,185,79,1983,37,,
sa93,18,2002,191,75,1984,36,R,Two
sb15,18,2002,183,83,1984,36,,
sb34,18,2002,180,80,1980,40,R,One
sc56,18,2002,175,65,1985,35,R,One
sd32,18,2002,183,70,1984,36,R,Two
t742,18,2002,180,80,1984,36,R,Two
t760,18,2002,180,72,1983,37,,
w367,18,2002,183,81,1985,35,R,One
y100,18,2002,,71,1985,35,,
z151,18,2002,185,83,1981,39,,
a404,17,2003,196,80,1984,36,,
a479,17,2003,183,86,1985,35,R,One
a487,17,2003,188,75,1983,37,,
a596,17,2003,180,76,1986,34,R,Two
b757,17,2003,191,86,1980,40,R,One
b837,17,2003,178,82,1985,35,R,Two
ba23,17,2003,191,77,1985,35,R,Two
ba86,17,2003,191,89,1986,34,L,Two
ba98,17,2003,183,83,1985,35,R,One
bc35,17,2003,191,82,1981,39,,
c723,17,2003,173,74,1983,37,R,One
c856,17,2003,185,75,1982,38,,
d438,17,2003,196,93,1982,38,R,One
d499,17,2003,185,79,1984,36,R,One
d526,17,2003,188,79,1984,36,,
d551,17,2003,193,88,1986,34,,
d632,17,2003,178,77,1984,36,R,One
d643,17,2003,188,77,1987,33,R,Two
e196,17,2003,178,65,1983,37,,
f378,17,2003,185,79,1981,39,R,One
g528,17,2003,180,75,1984,36,,
g621,17,2003,201,92,1985,35,L,One
g602,17,2003,193,86,1982,38,,
g710,17,2003,191,77,1986,34,R,Two
g717,17,2003,175,75,1985,35,,
g813,17,2003,180,80,1985,35,,
j267,17,2003,185,82,1984,36,R,Two
k624,17,2003,180,71,1983,37,,
k650,17,2003,188,87,1985,35,,
k696,17,2003,180,73,,2020,,
l503,17,2003,183,77,1981,39,R,Two
l580,17,2003,185,86,1981,39,R,Two
l596,17,2003,183,83,1984,36,,
m778,17,2003,185,86,1981,39,,
m844,17,2003,185,90,1981,39,R,Two
mb27,17,2003,,75,1985,35,R,One
md56,17,2003,191,80,1987,33,R,One
me05,17,2003,193,86,1985,35,R,Two
p470,17,2003,185,79,1980,40,,
r483,17,2003,183,77,1982,38,R,Two
r513,17,2003,185,82,1981,39,R,Two
r704,17,2003,178,66,1986,34,R,Two
sc47,17,2003,178,73,1984,36,R,Two
sc73,17,2003,178,73,1984,36,R,One
sc77,17,2003,193,80,1986,34,R,One
sd69,17,2003,175,78,1985,35,R,Two
t281,17,2003,185,75,1981,39,,
t749,17,2003,191,88,1985,35,R,Two
u061,17,2003,178,73,1985,35,R,One
y070,17,2003,185,75,1980,40,,
z184,17,2003,188,83,1985,35,L,One
bd00,16,2004,183,80,1982,38,,
c882,16,2004,180,80,1986,34,R,One
c918,16,2004,185,80,1986,34,,
c968,16,2004,188,84,1983,37,,
d646,16,2004,183,83,1985,35,R,Two
e254,16,2004,188,91,1986,34,,
f510,16,2004,178,74,1987,33,R,Two
g676,16,2004,183,80,1985,35,R,Two
g725,16,2004,188,75,1987,33,R,Two
g744,16,2004,188,74,1985,35,,
g858,16,2004,193,88,1988,32,R,Two
h693,16,2004,180,80,1985,35,R,Two
h704,16,2004,,89,1985,35,R,One
i165,16,2004,188,88,1986,34,R,Two
j290,16,2004,188,77,1986,34,R,Two
k409,16,2004,175,66,1981,39,,
k719,16,2004,191,77,1985,35,R,Two
k737,16,2004,183,78,1987,33,R,Two
k776,16,2004,191,80,1985,35,R,Two
k839,16,2004,178,76,1986,34,R,Two
k840,16,2004,170,68,1982,38,,
l733,16,2004,183,78,1986,34,R,Two
mb49,16,2004,178,73,1982,38,R,Two
mc65,16,2004,193,80,1986,34,R,Two
mc81,16,2004,191,83,1986,34,L,Two
me82,16,2004,180,70,1988,32,L,Two
o234,16,2004,180,77,1985,35,L,Two
o264,16,2004,193,91,1986,34,,
pb13,16,2004,183,76,1988,32,,
r518,16,2004,175,70,1982,38,,
r519,16,2004,175,71,1982,38,,
r548,16,2004,193,82,1984,36,R,One
r685,16,2004,196,84,1985,35,R,Two
r750,16,2004,183,78,1988,32,R,Two
s948,16,2004,183,79,1981,39,,
t786,16,2004,188,91,1985,35,R,Two
v490,16,2004,185,80,1987,33,R,Two
w360,16,2004,191,85,1982,38,,
y124,16,2004,183,79,1989,31,L,Two
z189,16,2004,183,81,1986,34,R,Two
b896,15,2005,178,72,1981,39,R,Two
b908,15,2005,193,89,1980,40,,
bc11,15,2005,188,88,1987,33,R,Two
bc65,15,2005,188,83,1987,33,,
bc72,15,2005,196,92,1987,33,R,One
bd06,15,2005,183,76,1988,32,R,Two
bd20,15,2005,188,82,1987,33,L,Two
bd59,15,2005,198,91,1987,33,L,Two
bf25,15,2005,180,79,1990,30,R,Two
c611,15,2005,188,83,1979,41,,
c736,15,2005,183,84,1982,38,,
c786,15,2005,198,93,1986,34,,
c834,15,2005,185,82,1986,34,R,Two
c922,15,2005,185,79,1981,39,L,One
c977,15,2005,198,89,1988,32,R,Two
ca12,15,2005,188,75,1987,33,R,Two
d385,15,2005,178,84,1981,39,,
d683,15,2005,198,97,1988,32,R,Two
f376,15,2005,196,86,1982,38,,
f586,15,2005,173,69,1989,31,R,Two
f580,15,2005,180,71,1986,34,,
g806,15,2005,183,79,1987,33,R,One
h756,15,2005,191,71,1987,33,R,Two
h804,15,2005,191,89,1987,33,R,Two
j263,15,2005,191,90,1986,34,,
k760,15,2005,185,82,1988,32,,
k834,15,2005,188,78,1987,33,R,Two
k905,15,2005,191,85,1987,33,R,Two
l797,15,2005,185,85,1987,33,R,Two
l801,15,2005,188,85,1988,32,L,Two
l872,15,2005,185,80,1989,31,L,Two
m836,15,2005,198,92,1981,39,R,One
mb53,15,2005,183,74,1985,35,R,Two
mc10,15,2005,191,84,1987,33,R,Two
n503,15,2005,193,81,1987,33,R,Two
o305,15,2005,201,96,1986,34,R,One
pa46,15,2005,196,85,1985,35,,
pb37,15,2005,183,78,1988,32,R,One
r782,15,2005,188,87,1986,34,R,One
r823,15,2005,183,90,1985,35,R,Two
sb92,15,2005,180,70,1982,38,R,Two
se31,15,2005,180,76,1985,35,,
se66,15,2005,183,83,1986,34,R,Two
sh51,15,2005,191,85,1981,39,,
sj22,15,2005,185,78,1988,32,R,Two
v379,15,2005,196,88,1984,36,,
w361,15,2005,191,85,1983,37,,
w387,15,2005,178,82,1982,38,R,Two
w471,15,2005,188,81,1986,34,R,One
z168,15,2005,191,88,1987,33,L,Two
z198,15,2005,183,79,1986,34,,
z272,15,2005,188,83,1990,30,R,Two
a622,14,2006,180,72,1987,33,L,One
bc68,14,2006,188,79,1988,32,R,One
be54,14,2006,183,75,1988,32,L,Two
d617,14,2006,183,79,1984,36,L,One
d801,14,2006,180,71,1988,32,R,Two
e687,14,2006,175,75,1990,30,R,One
e690,14,2006,188,80,1987,33,R,Two
f610,14,2006,178,72,1988,32,,
g876,14,2006,178,70,1987,33,,
g892,14,2006,191,83,1989,31,R,Two
g940,14,2006,193,100,1987,33,R,One
g967,14,2006,188,83,1989,31,R,Two
g974,14,2006,185,78,1979,41,,
i230,14,2006,180,75,1988,32,R,Two
j338,14,2006,183,77,1985,35,,
k771,14,2006,191,80,1987,33,R,Two
k926,14,2006,183,72,1987,33,R,Two
l709,14,2006,178,75,1983,37,,
l836,14,2006,183,77,1988,32,,
me04,14,2006,198,100,1986,34,R,One
me89,14,2006,185,82,1987,33,R,Two
mf09,14,2006,183,80,1988,32,R,Two
mg08,14,2006,188,72,1987,33,,
mh30,14,2006,183,79,1989,31,R,Two
o327,14,2006,175,74,1988,32,R,Two
pb22,14,2006,183,79,1988,32,R,Two
q927,14,2006,198,95,1987,33,R,Two
r822,14,2006,183,79,1988,32,,
r960,14,2006,180,81,1989,31,R,One
sd78,14,2006,185,80,1988,32,,
se73,14,2006,175,70,1988,32,R,Two
sf36,14,2006,191,85,1987,33,R,One
sf62,14,2006,175,73,1987,33,R,Two
sg64,14,2006,193,92,1988,32,R,Two
sh37,14,2006,178,68,1988,32,L,Two
t840,14,2006,193,86,1986,34,R,Two
t982,14,2006,178,80,1991,29,,
v564,14,2006,180,74,1988,32,R,Two
w483,14,2006,185,80,1985,35,,
w503,14,2006,191,74,1987,33,R,Two
z245,14,2006,193,77,1989,31,,
a678,13,2007,203,93,1986,34,R,Two
b765,13,2007,191,82,1979,41,,
be90,13,2007,175,70,1990,30,R,Two
d686,13,2007,188,75,1986,34,,
d752,13,2007,191,85,1987,33,,
d864,13,2007,185,74,1990,30,R,Two
d874,13,2007,191,88,1990,30,L,Two
ga79,13,2007,183,80,1991,29,R,Two
h940,13,2007,185,84,1992,28,R,Two
i186,13,2007,208,108,1985,35,R,Two
i236,13,2007,183,82,1990,30,,
j361,13,2007,193,84,1989,31,,
j397,13,2007,203,94,1990,30,R,Two
k964,13,2007,188,83,1989,31,R,Two
k966,13,2007,191,80,1989,31,L,Two
l799,13,2007,175,68,1987,33,L,Two
l987,13,2007,183,78,1990,30,R,One
me31,13,2007,173,75,1986,34,L,Two
mf57,13,2007,188,84,1989,31,,
mi43,13,2007,188,80,1990,30,L,Two
n552,13,2007,178,75,1989,31,R,Two
pb27,13,2007,180,84,1985,35,,
pc11,13,2007,185,83,1990,30,L,Two
pd07,13,2007,193,84,1990,30,R,Two
pd31,13,2007,196,80,1989,31,R,Two
r772,13,2007,188,80,1988,32,L,Two
r851,13,2007,180,76,1985,35,R,Two
r862,13,2007,175,68,1990,30,R,Two
s483,13,2007,178,70,1988,32,R,Two
sg56,13,2007,,76,1988,32,L,Two
sg87,13,2007,196,83,1987,33,R,Two
w521,13,2007,191,91,1990,30,L,Two
a829,12,2008,175,69,1989,31,R,Two
ba79,12,2008,188,90,1984,36,R,Two
be68,12,2008,185,80,1990,30,R,Two
bf23,12,2008,183,82,1990,30,L,Two
bf55,12,2008,183,77,1992,28,R,Two
bg23,12,2008,185,79,1992,28,R,Two
bh09,12,2008,183,72,1989,31,R,Two
ca99,12,2008,191,86,1990,30,R,One
d616,12,2008,180,73,1985,35,R,Two
d729,12,2008,175,76,1987,33,L,Two
d763,12,2008,191,78,1989,31,R,Two
d875,12,2008,191,80,1991,29,R,One
e678,12,2008,180,79,1990,30,L,Two
e698,12,2008,183,76,1990,30,R,Two
g983,12,2008,185,82,1990,30,L,Two
h788,12,2008,178,82,1985,35,L,Two
ka80,12,2008,191,82,1990,30,R,One
kb05,12,2008,185,75,1992,28,R,Two
kb54,12,2008,185,71,1991,29,R,Two
kb92,12,2008,191,83,1992,28,R,Two
kc41,12,2008,183,78,1989,31,R,Two
la54,12,2008,178,73,1991,29,R,Two
mh98,12,2008,180,75,1991,29,R,Two
mk40,12,2008,183,80,1992,28,,
n607,12,2008,183,65,1988,32,L,Two
o269,12,2008,178,72,1986,34,,
r975,12,2008,196,98,1990,30,R,Two
ra17,12,2008,188,82,1990,30,R,Two
sh90,12,2008,185,74,1989,31,R,Two
sj15,12,2008,178,73,1989,31,R,Two
t911,12,2008,185,84,1988,32,R,Two
ta12,12,2008,185,80,1991,29,R,Two
ta29,12,2008,180,78,1990,30,R,Two
ta46,12,2008,196,91,1992,28,R,Two
v505,12,2008,188,84,1987,33,R,Two
v627,12,2008,185,69,1991,29,R,One
z254,12,2008,191,88,1988,32,R,Two
ba77,11,2009,183,82,1985,35,L,Two
bc76,11,2009,175,75,1987,33,R,Two
bf17,11,2009,193,84,1991,29,R,Two
bh98,11,2009,191,85,1991,29,R,Two
ca33,11,2009,183,78,1989,31,R,Two
cc32,11,2009,183,79,1992,28,R,Two
cd85,11,2009,188,78,1991,29,R,Two
d787,11,2009,178,82,1988,32,R,Two
ga48,11,2009,185,80,1990,30,R,Two
gb53,11,2009,180,84,1992,28,R,One
gb88,11,2009,180,68,1990,30,R,Two
gb93,11,2009,196,85,1990,30,R,Two
kc29,11,2009,178,75,1992,28,R,One
kc33,11,2009,183,72,1993,27,R,Two
l949,11,2009,185,78,1992,28,R,Two
mj01,11,2009,193,88,1989,31,R,One
o376,11,2009,180,73,1992,28,R,Two
r934,11,2009,185,84,1989,31,R,One
si78,11,2009,188,84,1987,33,,
sl28,11,2009,196,87,1990,30,R,Two
v576,11,2009,191,85,1987,33,R,Two
v613,11,2009,185,80,1991,29,R,Two
v708,11,2009,198,92,1993,27,L,Two
w571,11,2009,175,65,1991,29,R,Two
w612,11,2009,183,78,1991,29,L,Two
a837,10,2010,168,73,1991,29,R,Two
a887,10,2010,183,77,1991,29,R,Two
cc66,10,2010,185,80,1992,28,L,Two
ce25,10,2010,,78,1992,28,R,Two
cf01,10,2010,185,78,1992,28,R,One
d750,10,2010,203,104,1987,33,L,One
d981,10,2010,183,73,1992,28,R,Two
d994,10,2010,183,82,1992,28,R,Two
da81,10,2010,191,76,1993,27,R,Two
f525,10,2010,191,91,1987,33,R,Two
f724,10,2010,188,82,1992,28,R,Two
gc89,10,2010,183,84,1992,28,R,Two
h996,10,2010,188,79,1991,29,R,Two
kb09,10,2010,180,75,1992,28,R,Two
kc86,10,2010,188,77,1992,28,R,Two
lc11,10,2010,183,69,1993,27,R,Two
mo07,10,2010,185,78,1992,28,R,One
o411,10,2010,203,104,1991,29,R,One
sk67,10,2010,188,82,1990,30,R,Two
sk94,10,2010,183,70,1990,30,L,Two
sm37,10,2010,170,64,1992,28,R,Two
t999,10,2010,188,75,1989,31,,
ab17,9,2011,183,75,1993,27,R,Two
bf95,9,2011,183,83,1983,37,R,Two
bh02,9,2011,183,77,1991,29,R,Two
bh22,9,2011,191,83,1992,28,R,Two
cb14,9,2011,170,72,1990,30,,
cf59,9,2011,180,76,1993,27,R,Two
d923,9,2011,175,70,1992,28,R,Two
da86,9,2011,191,86,1993,27,R,Two
db59,9,2011,183,80,1993,27,R,Two
gb61,9,2011,193,88,1990,30,R,Two
gc38,9,2011,188,84,1993,27,R,Two
j380,9,2011,180,69,1989,31,R,Two
kc11,9,2011,185,79,1992,28,,
mb99,9,2011,178,82,1986,34,,
mj08,9,2011,183,78,1994,26,L,Two
pc96,9,2011,188,84,1988,32,R,Two
si57,9,2011,188,83,1990,30,,
sk97,9,2011,193,85,1993,27,R,Two
sl08,9,2011,188,87,1991,29,R,Two
sm25,9,2011,191,84,1992,28,R,Two
tb69,9,2011,185,82,1993,27,R,One
u134,9,2011,183,78,1992,28,R,Two
w522,9,2011,185,84,1991,29,R,Two
a853,8,2012,191,86,1990,30,R,Two
be67,8,2012,188,88,1991,29,R,Two
e831,8,2012,188,83,1995,25,R,Two
f811,8,2012,183,79,1993,27,R,Two
hb64,8,2012,191,78,1996,24,R,Two
j386,8,2012,188,86,1989,31,R,Two
ka00,8,2012,188,79,1990,30,L,Two
ka98,8,2012,183,75,1990,30,L,Two
kc12,8,2012,188,82,1994,26,R,Two
lb66,8,2012,180,72,1992,28,R,Two
le01,8,2012,175,75,1998,22,R,Two
me64,8,2012,193,85,1987,33,R,Two
o482,8,2012,188,80,1995,25,L,Two
pf39,8,2012,185,81,1994,26,R,Two
pg32,8,2012,185,76,1994,26,R,Two
q945,8,2012,185,84,1989,31,R,Two
sj55,8,2012,188,84,1989,31,L,Two
sn77,8,2012,183,80,1994,26,R,Two
z371,8,2012,193,87,1996,24,R,Two
af32,7,2013,185,76,1997,23,R,Two
cg80,7,2013,185,79,1996,24,R,Two
d985,7,2013,,70,1993,27,R,Two
da67,7,2013,185,74,1995,25,R,Two
db63,7,2013,185,80,1995,25,R,Two
gd64,7,2013,185,85,1996,24,R,Two
hb48,7,2013,188,85,1995,25,R,Two
i305,7,2013,196,83,1994,26,R,Two
kb37,7,2013,185,79,1992,28,L,Two
kd46,7,2013,196,82,1996,24,R,Two
ke17,7,2013,193,85,1995,25,R,Two
ke29,7,2013,198,88,1996,24,R,Two
ke64,7,2013,183,79,1998,22,R,Two
mh16,7,2013,185,68,1989,31,R,Two
mk29,7,2013,185,80,1994,26,R,Two
mn20,7,2013,183,79,1994,26,R,Two
n555,7,2013,173,73,1990,30,R,Two
n674,7,2013,193,91,1993,27,R,Two
n679,7,2013,196,90,1995,25,R,Two
pf65,7,2013,178,72,1994,26,R,Two
ra51,7,2013,193,85,1990,30,L,Two
sq80,7,2013,180,77,1997,23,R,One
sr55,7,2013,178,70,1987,33,R,One
tc61,7,2013,183,73,1994,26,R,Two
z355,7,2013,198,86,1997,23,R,Two
bi23,6,2014,183,78,1994,26,L,Two
bk92,6,2014,196,76,1997,23,R,Two
ch27,6,2014,188,87,1996,24,R,Two
dc58,6,2014,188,75,1996,24,R,Two
e873,6,2014,185,82,1996,24,R,Two
gc88,6,2014,180,77,1993,27,R,Two
j439,6,2014,198,96,1991,29,R,Two
j551,6,2014,198,87,1995,25,R,Two
mm58,6,2014,198,81,1996,24,R,Two
mu94,6,2014,183,78,1997,23,R,Two
n732,6,2014,170,64,1995,25,L,Two
o513,6,2014,191,81,1996,24,R,Two
q941,6,2014,193,88,1992,28,L,Two
re44,6,2014,188,68,1997,23,R,Two
sl07,6,2014,191,79,1990,30,R,Two
y218,6,2014,183,78,1996,24,R,Two
dh58,5,2015,180,69,1999,21,R,Two
fb98,5,2015,193,84,1997,23,R,Two
gb42,5,2015,188,83,1991,29,R,Two
ge33,5,2015,191,72,1996,24,R,Two
h997,5,2015,193,84,1991,29,R,Two
kf17,5,2015,180,72,1997,23,R,Two
ki74,5,2015,185,75,2000,20,R,Two
mn13,5,2015,191,84,1995,25,L,Two
mn44,5,2015,188,82,1996,24,R,One
o522,5,2015,211,100,1997,23,R,Two
pg94,5,2015,188,77,1997,23,R,Two
pl56,5,2015,185,78,1997,23,R,Two
rc96,5,2015,175,68,1996,24,R,Two
rh16,5,2015,183,77,1998,22,R,Two
td51,5,2015,188,77,1998,22,R,Two
te16,5,2015,183,78,1997,23,R,Two
y268,5,2015,183,75,1998,22,R,Two
ag37,4,2016,188,84,2000,20,R,Two
bu54,4,2016,178,68,1998,22,R,Two
mk66,4,2016,178,66,1995,25,,
mp01,4,2016,185,85,1998,22,R,Two
sp24,4,2016,193,84,1995,25,R,Two
su55,4,2016,183,76,1999,21,L,One
te51,4,2016,193,83,1998,22,R,One
tf58,4,2016,170,68,1997,23,R,Two
e865,3,2017,201,82,1996,24,R,One
kd35,3,2017,188,75,1995,25,R,Two
n771,3,2017,188,80,1995,25,L,Two